mileage,engine_temp,rpm,oil_pressure,fuel_efficiency,needs_maintenance
131958,84.23228669431667,2669,3.4264137665652354,16.695179442171547,1
156867,97.55391225825755,2330,2.398430549788106,9.33911599948697,1
141932,95.00917187624381,2636,3.7804300052723487,15.29983400009326,1
113694,80.22444755201448,2262,2.5748191929311597,11.37259700200267,1
129879,90.99332305429226,1975,2.735571975512306,10.081952604260264,1
120268,97.5138712337179,2262,2.1161839041606996,12.55701827503181,1
64886,73.30594718878629,2826,2.223024424642553,17.617349314675444,1
147337,95.43360192379934,2470,3.0317238054246562,12.705122922854873,1
178266,83.37376241054153,2519,2.535185353455943,17.00923579053267,1
97498,95.70598668593159,2641,3.6709604514843885,9.505835561589809,1
122727,82.36740843457483,1660,2.0293867773099077,17.273257035980947,1
136324,71.9511789933548,1900,2.758188097343872,10.843199898879783,1
185203,73.72457562116837,1697,2.6746910935381853,16.128717558666473,1
26023,90.48084946661382,2783,2.038655261835202,14.789378658091955,1
51090,92.59722501721483,2159,2.2487367980010204,19.149736606540248,1
77221,80.95683374895592,2570,2.8272853498372705,12.647870215703769,0
74820,96.38592458777374,1898,2.9857291688948933,8.793982266013286,1
10769,73.3847993773104,1577,2.808579494509738,8.229865826615034,1
69735,89.33920201352683,1623,3.0618753568241877,17.922302731673035,0
74925,77.88983800237543,1574,3.190263349811363,14.296827651937186,0
15311,83.4816389219784,1636,2.0198476422556713,17.30292862201939,1
113355,90.47398671316414,2101,2.9281903189070078,10.813107200138177,1
194779,81.39586634716048,2923,3.9269984817751764,12.141004946158805,1
95305,86.15444455770175,2336,3.038064560259097,8.361246466535828,1
169765,100.0629280921444,1999,3.355084534917906,19.537907894889344,1
140608,84.23108130476851,1637,2.623727715833766,16.01441488040976,1
166730,98.35692112065142,1549,3.547982756305525,19.198461053111675,1
94478,78.70293145342382,2472,3.5458429637522304,11.185956889148867,1
132537,95.29804177915283,1753,3.0425920953082777,15.33756333470793,1
159503,104.41568620657901,2209,3.9520276465584274,16.141999619511655,1
140523,65.28355499872711,2062,2.251100429525307,11.810596403091061,1
12747,82.03104744529523,2256,2.033895329779162,18.17731082018756,1
133855,95.7707212718054,2949,3.540316423514192,19.365937554802976,1
75725,87.96954613957007,2046,3.6143110747297653,18.61826141235205,0
139981,93.71145873371309,2825,2.2404144582411525,16.86880371127247,1
94654,83.9601481328418,2421,2.531165665917212,11.32957615669945,1
176845,90.865897874729,2080,2.035104726733258,11.379392505267582,1
129346,88.44322764607921,2872,2.5866172215611294,19.560323845352457,1
77435,101.67782061659807,1548,3.546283747837343,8.123413951228304,1
66886,92.54420843301213,2416,3.035921055425158,16.592599678905735,0
76803,93.37602662075201,2597,2.696191186336576,16.474953950663146,0
41551,85.88123033877532,2203,2.7434785898126606,15.47227449139757,0
126216,85.12393775927507,1760,2.0027072514309365,19.881306153042388,1
21394,85.6744181218038,1855,2.5996010551304716,11.742553229164702,1
79092,93.94452142378297,2783,3.292917483275861,12.079662365518978,0
13890,85.79015519179737,2137,3.9483888876327145,8.947272835358667,1
51606,92.89774856896413,2242,3.694121653967799,13.31357763852485,0
97313,110.75400798645438,2818,2.0471899292910583,11.132582314818176,1
151699,98.71124703431693,2509,3.7971212093496787,12.12064042613173,1
18792,86.73976467832159,2430,3.566396826597252,18.014861483067534,0
184073,102.01213922163944,2140,3.560752247141961,19.225814162329947,1
164969,85.91924626978448,2291,2.915991518007143,10.228796864062227,1
78148,69.61875464822145,2836,2.7960105859090056,12.470107178641591,0
134243,79.91913689082595,2111,2.605831457666385,19.143566745384728,1
130174,71.29208078974145,2308,2.1313897179087316,8.74170152827067,1
164555,86.48486515958692,2705,2.456470726987398,9.108326337336543,1
134358,90.18418379189552,2185,2.4932072699560495,9.953491870474753,1
58555,106.76437312275283,2887,2.9681541394204034,15.142554009522497,0
27159,93.26927373764163,1687,3.4948888131933877,9.80566725207197,1
120510,87.80899471191135,2484,2.947619656795893,19.6169165774088,1
116530,98.2940558118349,2047,2.115688898894321,13.360574327102244,1
90077,67.88864690992115,2224,3.9155796019764075,14.018215524201997,0
45920,92.35614558108566,2425,3.8854486381882243,10.959903389664877,1
29457,97.70865193886966,2931,3.5703790862968168,13.651523029216802,0
88953,75.21413754220158,2375,3.9826558031284414,15.942963591644139,0
62995,101.43754043206928,2117,3.0889646656005256,17.014125643448512,0
181829,93.38496407494414,1913,3.925536700506412,17.046416992518957,1
19692,85.84712086099199,2865,2.1512100812335015,14.93469335232906,1
186830,96.32781866106285,2743,2.7313614965227426,18.852317299926288,1
47065,112.70692857804396,2402,2.4507625360135314,17.808894167673312,1
109299,91.81866255058495,1662,2.3916661682685403,17.084577376383507,1
173678,92.48220586300336,2743,2.281605897785352,8.667266260165528,1
21534,85.40639100459757,1769,3.2448272831319933,8.082535546635793,1
50397,81.50155630535208,2131,3.5626437114946103,10.549367326345676,1
101387,98.30335816544246,2405,3.156596798840721,15.962283126961427,0
11016,81.43916174091133,2923,2.2939254191764196,12.93436986659055,1
65591,90.71566237219392,2705,3.622247539866942,12.82887511159174,0
33247,85.22342553234883,1704,3.2719094143274567,18.615042658755364,0
34300,94.78979825746391,2081,2.776331412253991,18.746754177582066,0
92798,93.33662105286949,2340,3.348260591072126,18.91010316864303,0
19268,100.375399442579,2751,2.5198099584856655,11.766536918180329,1
96807,84.89983601145254,2095,2.690384416988421,16.29266975287114,0
22185,87.30125064706628,1749,3.83497168626398,11.259598175292435,1
180171,80.21236284217693,2374,2.5810090113428408,10.287317996893398,1
149643,85.55706739923889,2964,2.939976536315873,10.21558948816843,1
48044,93.77300493044852,1695,3.7802822747920293,12.10529145036313,0
61214,97.56988616645351,2189,3.415442700535055,13.159491437357861,0
124752,80.77834675822375,2593,2.1244064523294055,17.971390052660823,1
58984,98.6960592010566,2138,2.2946060885579405,9.438693121672545,1
50774,103.55637858804951,2922,2.0156831815438334,16.81911016873873,1
12568,94.13434903223701,2171,3.2618435804583266,14.377458970271665,0
130151,108.76795812558066,2726,2.895346850820837,11.45534411211191,1
143767,82.26210800896428,2671,2.268549701804551,13.913835014393895,1
134375,77.55345296688583,2995,3.915868242113541,11.599304837324272,1
189262,72.21279751095722,2443,3.05931944789124,15.152983462859671,1
146330,104.96044311489183,1698,2.4837865882257786,13.20612707426293,1
49504,96.54365656354058,2949,3.001207142309415,9.972866348946544,1
174231,89.44415329089544,1991,3.3592406654702156,9.398996894668361,1
23986,92.7996862631982,2395,2.152478435947129,14.560348184865562,1
71858,78.74510952701624,1641,2.549407630095784,18.828956399433242,1
139312,114.45751979616827,2836,3.613930981767987,12.127492238692227,1
22666,91.29221181975228,1664,2.9193297408053223,16.796001286671476,0
48660,91.09394794604893,1813,3.09315428406459,15.903936259277204,0
144633,97.25766623898691,1520,2.8656320044189387,19.178658971713773,1
36854,94.81009231736714,2605,2.0877998852860102,17.85177220758969,1
74505,92.23884024279131,2654,2.331499559640312,14.799263106865556,1
114488,82.09525544554688,2483,2.891083277483782,15.884365978809289,0
193323,94.71468357135996,1804,2.418370930815856,18.78063759900842,1
32662,108.82024496475034,1870,2.0999580573193573,12.794225415043218,1
18392,103.45420046154977,2352,3.6872993281036477,11.92153647029333,1
40535,105.93186626639397,1883,3.9623850583282314,8.129733003622356,1
123569,84.88784323568815,1944,3.586285747993479,17.91861289029757,1
62256,80.1039517974142,1924,3.707569843409334,17.61176840484038,0
99135,88.74213079900352,1660,2.483954260634091,9.253454217201817,1
137478,90.55724912288694,2701,3.9212539510263995,14.922288573592404,1
45222,100.94191518470949,2128,2.3938514089068565,13.567780378002649,1
87373,73.0753537028518,2394,3.9028596207236648,9.424509146109337,1
133684,105.29550319460614,1989,3.989638587931902,19.766818724728683,1
20965,88.4199210142101,2516,3.4234456114920975,10.576350649560265,1
34538,85.7311893005258,1826,3.962287463583644,8.806810161086734,1
118066,79.87895624739832,2097,3.139079559134207,15.138168554022915,0
123252,73.4514332813423,2514,2.5190835663521804,16.866400125596392,1
149182,98.23170583961914,1788,2.8739917713312417,8.389321352566244,1
168338,90.73317967188405,2092,3.187121870757572,15.904611664724266,1
194064,77.10039100258946,2072,2.1461631240540298,14.387502511417454,1
108806,77.04921227936384,2877,3.2446865292344924,9.23918010650058,1
147982,86.64215300709871,1527,3.962355673524589,10.070286523356344,1
120989,106.69021525289392,2453,2.380215299567455,14.815691567792966,1
100982,87.40408648636395,1542,3.5851902325767666,11.55629136215946,1
131626,74.96857046881894,1922,3.8157975875592385,19.259788743815793,1
129176,87.54256935914056,1676,3.8874031856404416,17.82488275380861,1
141278,87.2727643025233,2028,3.9202712088108944,19.80280647816396,1
132409,63.03113357058429,2465,3.0429192774429437,11.116050067404968,1
33419,89.45705133482188,1697,3.9546158159830074,19.636683593575725,0
191708,87.69065469791322,2109,3.5146204142688777,13.174806437498695,1
60015,96.96206364813418,2341,2.3233428724739236,12.170225543765056,1
132096,108.48956094945345,2352,2.95380021293594,8.604194323632239,1
117059,101.26565029547757,1521,3.436662350744008,8.633183094315232,1
195340,87.3111130944517,2635,2.4946806316381664,16.304135071359855,1
120687,78.9347409125833,2580,3.2812303670977747,13.495147933208335,1
97939,115.7335980324986,2589,3.3332009580932382,10.718259512433269,1
159213,90.59218434014488,2341,2.3253994876171316,15.36764367590279,1
115878,90.13929291912946,1597,3.130170624905513,11.034297419001334,1
197116,89.75874912889996,2667,3.543253821957215,14.93158105213307,1
174899,91.98084760767856,1934,2.997791329071884,12.310504963792283,1
196892,88.55639588076058,2136,2.024206233552215,17.88262671934183,1
72623,84.26337993119763,2609,2.0180769381585844,17.84835392920135,1
85450,84.53141058759608,2087,2.7140586879400246,13.728204777468816,0
103426,89.67246729784002,1843,3.852388136863564,12.209829312020187,0
127845,84.56575228866235,2817,2.4573535592072178,12.350717558709135,1
163371,82.87154217322836,2070,3.2687273777433745,17.668574308018613,1
53585,91.06430227691897,2110,2.444151741386641,11.938153793571344,1
119225,87.45022782579144,1742,2.643339979319097,10.508712484482153,1
74044,105.0399298858269,2060,3.696084179202968,9.016260102503683,1
183629,63.49030191606988,2459,3.4577228845398937,13.6003174506129,1
190152,100.91506851922462,1531,2.1907985546264213,13.785585187038102,1
119556,102.4608519249763,1890,2.8574040419728672,18.090904524834887,0
12693,69.2660976759185,1776,2.0583395272905287,10.654864357352768,1
105259,86.57312405919652,2031,2.9617802932060178,12.5718952840208,0
35939,86.28559134004209,2677,3.324868023402136,17.700868866724292,0
189997,75.92488305282178,1882,2.2370052471963033,17.88348332898768,1
184013,82.22183312409125,2591,2.5777698778183313,12.615332911745218,1
162906,78.89424154534171,2383,2.795673251004314,13.50948827944017,1
28047,107.52270443423623,1713,3.8390620493120995,11.639430690191395,1
36105,99.35678393147461,1875,3.986510030845928,19.190658541031745,0
85766,102.71555094994159,2243,2.0898225979912315,9.423725188898963,1
156779,97.21672064043236,1712,3.522015846990784,19.20499307601764,1
163048,78.70948228782771,1578,2.7434481328046862,16.206397422024118,1
54262,84.75479733720226,2127,2.78491637245896,14.378865832240773,0
135117,94.89374561227918,2103,3.508529946694045,8.39190872941395,1
33776,77.77872191108054,2281,3.836852864290817,13.707154301864099,0
171152,97.12998430172388,2904,3.9018571890050966,12.892977260032787,1
138376,87.59674601841866,2500,3.1542451720766413,9.93462574370147,1
147848,86.25179192450402,2179,2.7142423186010056,15.876915242007883,1
102787,97.10959968203491,1557,3.5750981717175585,19.65381088841943,0
137948,94.4426331148604,2549,2.5020027665246003,14.746265732774301,1
65016,86.3903383418092,2380,3.1281480576670355,16.577039317327348,0
150546,101.59329803364248,1946,2.717156923049746,8.8214054307922,1
199125,79.18936672400102,1565,3.3132621474157524,13.012003949803937,1
31959,96.15935606944264,2777,2.480797825787014,9.39630182197395,1
146602,95.93101257968384,2567,2.3831858914696515,15.353550026438125,1
129101,86.9045356068601,2620,3.836478173350874,19.261785898569855,1
13748,93.26133022242118,2511,2.2036073658990736,15.941332789659661,1
23545,77.48886423614697,1726,3.0119158154698633,8.921636579773057,1
137659,99.240270192069,2273,2.441705565926018,12.255994459820993,1
175838,88.15097863557011,2178,2.077859926651335,14.60796055329022,1
83530,84.7727697948096,2959,2.072037636582853,12.838493073599027,1
103557,100.49009225836889,2100,2.3504435442116547,18.003728125702068,1
71087,82.9565630945724,1878,3.7335407090120007,17.77605205651987,0
78840,75.91538703636441,2701,2.5649574879540533,15.341972241238658,1
128451,74.43370826476097,2950,3.900918341150591,12.481495341592463,1
195456,96.0600995134564,2208,3.1632445859783873,11.06403648515893,1
61005,77.19570647503717,1806,2.873228379537532,9.270491818557552,1
187648,107.54794181984364,2278,3.160177669338909,12.25877220183865,1
49353,69.18070592116278,2003,3.0333967704525353,12.958070206492634,0
62733,106.96456368290038,1767,3.51755250751465,16.109875101248882,0
75318,92.11017467202619,1507,2.5649921319457043,15.89791789157088,1
164736,89.03286888129608,2007,2.706100783200605,8.841297675695083,1
77172,84.5508091319105,1975,3.7881886050665017,12.743111785173893,0
103264,93.9913611435207,2820,3.892913026300811,10.181346406608343,1
36736,89.62365297575151,1663,3.785116454972949,9.881752463801668,1
122859,101.03301882016521,1984,2.8388959879146274,17.92762579684695,1
122181,91.1422764866204,2595,3.5607310060137634,8.50298260059509,1
141926,91.50301761461877,2066,2.9526714666021974,13.030194510825456,1
100084,86.36387787786144,2404,2.9950797042922046,10.018443869198219,1
179695,89.43054376278933,2058,2.4093602181145677,18.551962588141688,1
17392,93.0780176889206,1737,3.182260606517033,14.684486159300421,0
65680,72.89831607343375,2627,2.3722717955066956,10.776567636522177,1
187789,76.51814577894287,2733,2.6631293981343873,14.029127445996517,1
60859,97.43264094022715,2053,3.7100604032398703,16.77783631643739,0
135657,91.70865438127942,2327,2.4141516184217107,19.497416107033203,1
167381,88.1601666364732,1967,2.142316570346866,10.645352050945027,1
80467,90.18433933065393,2977,2.1380151852256324,18.634181265552144,1
193734,93.47581705361671,2791,3.881569041006216,19.211649370009884,1
108506,84.60240319690638,1885,3.0138408759236692,18.997046534384793,0
119751,82.21695274597687,2274,2.8188241436340364,15.624972282342918,0
128906,91.95845255097682,2347,3.621757162015837,15.557847853216492,1
153760,80.21627222384969,1886,3.671651855821032,12.838527598205873,1
35342,94.08252755714472,2376,2.664382066231209,17.028774587645454,0
178229,72.9741639576216,1758,3.3872361149475907,14.375528220211184,1
116308,100.29155637325644,1782,3.542245631703773,16.129256854739534,0
193155,94.72597482413043,1539,3.309301373731909,13.141494846185545,1
116081,92.56029734313876,1985,2.3031901496001987,16.77795756851767,1
99045,99.82690983945514,2428,3.751766167034114,17.89365821125459,0
44698,106.65474444462576,1719,3.0781891054720174,9.757235079233794,1
120078,100.1437006501813,2652,2.564944852740007,17.995156586890737,1
90623,71.59125768668355,2514,2.8504563708753876,14.483558381483686,0
32671,77.20423033264298,2523,2.0751421807978145,18.135990909082693,1
166256,83.75181422304321,2112,2.255733602444835,13.175620476092176,1
103384,90.26091050210833,2427,3.5310935010317217,12.54848582459642,0
183179,95.17659020469122,2187,2.0000232695107325,18.98072879020667,1
96202,82.74256186846534,2112,2.8331316569645844,11.014031210580816,1
61663,91.86766764477078,1759,3.0450203621711767,18.130547903433715,0
25708,82.44617067646678,2489,2.1092688400019446,13.80824687011285,1
101906,83.88482197008052,2465,3.9461563259446657,14.169145310615116,0
59811,75.93338903151778,1865,2.4522506624993436,11.701619377873808,1
143883,80.76766753889096,2043,2.6083974392725615,14.876506407428188,1
66250,76.48315394383667,2148,2.607885024510055,11.902534355314536,1
122547,80.24126747022667,2313,2.4608333242346996,8.471232970899827,1
134249,100.5364179660784,2539,2.0029476441726226,11.263983264132273,1
44754,80.50601111168056,2652,3.458689588175993,8.076548520879088,1
152483,116.32382064837391,2074,3.9336909995985705,19.74025744468228,1
143983,94.93317900880889,2632,2.4485869665700903,19.58896651783697,1
149752,91.84836123694873,2512,3.326094383606845,12.741863569667661,1
94896,81.41642219818786,2169,3.48379265391743,16.740450252075753,0
81295,97.00309879408991,1768,3.6968507581810495,12.149673180925099,0
110689,84.24362173762226,2685,2.8452583940272183,16.05311788503171,0
21111,91.22009814645361,2783,2.6058618112808585,17.66516051655175,0
47504,115.60084538268795,2423,2.650590268046062,19.36107493630689,0
142874,89.03940100275351,2625,3.4252426661970254,12.802547310196065,1
18155,101.49273326285676,1746,3.633558933011272,17.399575795472572,0
49384,82.96823574874112,1630,2.3632279355132053,11.191141407585425,1
122561,89.65011509503039,1852,2.7418820163155306,19.88398764552378,1
57254,107.7080063563551,1695,3.8038803934983,8.309235185172213,1
31918,83.73032942212232,2429,3.6133870393894787,15.242345678013452,0
95981,108.12448557996929,2905,3.9697168055249517,15.914071779815925,0
40306,97.07751935455475,2521,3.5084965193641615,16.256546684889546,0
157718,84.37533224105732,2144,2.7863904020558445,9.444650945469068,1
56843,96.3240773905552,1726,3.1812756679892757,19.262357401677566,0
130975,99.7255444962673,2200,3.3220285084946406,10.174199348600993,1
106601,96.21809962217196,2999,2.156911632634248,15.473040838878093,1
117512,74.29775280109544,1764,3.08899391820773,10.67211294947702,1
157443,82.72862824175131,2895,3.418641656945219,11.686597004255251,1
121472,87.52481364448495,2957,2.3346426080021208,14.557502500737492,1
143121,89.25566570899954,2145,3.5612634348511145,13.006321022774918,1
172688,96.20672097550678,1710,3.1675455610282235,9.922707211718075,1
113727,91.77701000933254,2900,3.9044435713951895,10.051236829050179,1
122893,76.64655641289899,2918,2.0848445964137836,13.017737457953595,1
30932,93.80197851005963,2973,2.530652275110934,17.08739573930601,1
127796,96.10585745283824,2442,3.203107758599648,18.77557576217346,1
39855,95.5979044793104,2887,2.593119824411861,9.009531947112594,1
184088,100.80780725554622,1956,3.428848328142484,12.717246890712813,1
17400,98.33922154548904,2224,3.518010565043862,9.20294676467452,1
127858,94.59180079228437,2749,2.205031928132949,8.199109767591175,1
183714,89.29834288541353,2481,3.0277089284135354,15.94062419172748,1
25151,73.39039066484008,2654,3.017781111182112,15.229393303599053,0
192479,94.29618219132585,2087,2.738561540431082,9.956229365778634,1
76690,92.07687687163111,1975,3.865849725139344,10.805753997116769,1
14499,92.71578837195374,2485,3.6550126397464426,8.284493043734221,1
16295,77.2325142417969,2800,3.3944187638192735,18.019366468332844,0
130885,79.18943459591738,1655,3.428653271469995,19.696287152582617,1
136071,100.53152853332904,2741,2.9234322876262384,9.62551444153629,1
69040,89.60444846143345,1689,3.841989042193152,10.777702565183578,1
22183,96.81500697372624,2940,3.3891908545065705,18.42091428736321,0
170371,90.28318376130461,2480,3.457962123311633,19.117565575474217,1
153946,90.29756139495746,2045,3.7233818075746905,13.035528593681724,1
126336,99.38283805975998,1540,2.548143178684382,8.607469667228889,1
42711,84.83955271782627,1806,3.614141807733406,8.472702004313833,1
15539,90.96120776940984,2442,2.390481205912984,14.887398392828125,1
194423,85.37724711294958,1837,2.6906839044897755,12.714741306718148,1
189426,85.65503772567685,2837,2.671220908539685,8.343829130931855,1
136063,86.90827876531361,2598,3.9570509367782813,14.999028707750682,1
143629,92.22133771633713,2452,3.7130744474958535,8.135630439068269,1
48360,85.21251378336522,1778,3.4023397231805195,17.448463497791273,0
143272,102.55756125573521,2699,3.45411352323078,11.677193872440458,1
188047,81.05392697780496,2395,3.124145588805142,8.483096036110785,1
31357,88.13128355838641,1772,3.894181334217038,15.06022665179784,0
129121,85.60268941725825,2336,2.992517505764723,12.772212973196655,1
87505,104.46977884353733,2119,2.7610354197397893,19.685604960285794,0
12869,91.96554776511574,2361,2.326070673863182,14.530383950044426,1
60108,100.31844539468635,2430,3.5724113045221157,11.302870172444099,1
122296,75.14439626963028,1788,3.468887864151183,16.5132663756077,1
104179,92.67050265869258,2223,2.7687100770482695,11.257904030512536,1
100272,98.89630795623437,2392,2.0503868279184587,18.850919496890782,1
48467,90.82283989275425,1771,3.6779946554360214,12.496663646088518,0
33328,100.65480375065351,2589,2.022835966908147,14.598422753314463,1
101412,84.82711549899628,1982,3.407399559258102,8.606877245890747,1
145059,104.0934744018558,2435,3.940514219452114,13.11345485542677,1
68871,112.9889812361925,1747,2.875322656296407,17.98836247593194,0
163471,86.37161439560342,1655,2.4699468099919057,17.667785664360103,1
138391,85.54497478599228,2570,3.4097420200867634,10.691822706242315,1
187286,104.533844771177,1953,3.6342562840311703,10.712948852126752,1
96416,105.79572145730712,1700,3.092860632155695,17.80766374655884,0
80271,84.77139972846732,1623,3.9340705505122924,19.164781042031905,0
54064,85.79813182904142,1500,2.1033374433159224,9.144331055276043,1
117450,87.18215391139493,2467,3.0095911966090565,13.400703673114704,0
181890,76.55549488965723,2354,3.4369078946451,12.049451347570749,1
186597,80.81348053515802,2139,3.725280942298358,18.448261465489274,1
29830,79.95859233247933,1690,2.3585112238155803,9.002298976160226,1
158501,82.32202434895872,2015,3.600006963527363,10.533511310696449,1
147965,89.65315112613219,1941,3.1054141514370905,17.02962005103793,1
126381,92.3421473253652,1642,2.793107363979926,8.615526187774588,1
57333,105.50500492814076,2714,2.263430057158187,13.910424568571472,1
144508,80.0164595926121,2032,3.7305915178178246,13.30528441615664,1
86213,99.84322398476584,1726,2.3145464163594305,12.012814147864983,1
146967,87.86011155774491,2836,2.6195757184181985,12.734867783827085,1
160810,89.50536290347567,2448,2.5800910639248738,14.359287043162794,1
40746,96.74819492166604,2825,3.7428280683817086,9.936408300660597,1
59377,78.77277978437701,1959,3.345405988417796,14.863950539403113,0
189476,93.82409746184051,2924,3.5933627943827444,17.665187951599837,1
64045,91.66452208213056,2050,2.500935797584998,17.12193115748191,1
107888,94.92451264008149,1892,3.2497481992139976,9.846798856325284,1
180862,92.89168643907819,2344,3.143491966287497,9.790993636897687,1
117455,114.55300139910895,2730,3.6656607535765424,11.21809241293896,1
146672,83.62260015748684,1709,3.812174120962521,12.332896716092446,1
103179,84.69003044998182,2638,2.024313542954774,12.90146697690179,1
181836,83.76859473575236,2145,3.348039838117585,16.156366602000144,1
55714,84.44522880839746,2774,2.1036715982394583,8.680165185990024,1
197907,83.62612872693482,1718,3.097717330154712,8.416072450712797,1
112946,101.89016531107552,1906,2.5752654580873564,12.702926755326908,1
119616,104.20504247989855,2966,2.6135531990442824,16.365964305655766,0
115983,84.29253706250523,2877,2.705917006904713,10.32122411547779,1
197563,81.67644426895771,2387,3.2425848980992202,15.69805377507502,1
134123,94.71415556386404,2057,2.6680999313375384,11.117937655283594,1
159661,84.47776955719029,2049,3.465398101180561,18.633033305762197,1
53484,96.32931817755511,1641,2.809054771147739,18.7482793311994,0
92989,92.029230208513,2111,2.136706400619917,11.567446451375918,1
46212,74.84255885002769,2000,3.5675196849682145,10.759925047558886,1
53525,105.47505201330061,2339,2.571516649185412,12.935647664794775,1
188274,107.95877673095522,2201,2.8655337591985255,10.886379022161785,1
173707,83.87211309515614,2095,3.3708877664438033,16.068606119500444,1
73208,86.12298440064016,1780,2.664912314297424,17.912776214579427,0
43828,92.85865390724905,1923,2.1131713122934315,16.077105570934606,1
159783,93.34456789987026,2355,2.747842094025627,17.892205366992194,1
13420,96.5854427267283,1769,3.888897165388607,12.76390594648969,0
106752,110.1020453876635,1653,3.283468794597116,9.87580364850633,1
141373,88.2305277250595,2113,3.342958297334414,16.855411368771108,1
186308,82.01702755461547,2161,3.26456430727528,12.325694061698647,1
125294,76.20680771985472,1582,2.397984277918874,16.05524990274959,1
195312,82.69069960058081,2446,2.83666772820456,11.247727303781188,1
134019,89.66873027126204,2398,3.5018795967266367,8.974755617680072,1
75726,107.94557863517788,2949,2.2027457951063183,19.91098154585316,1
151564,84.82388700963828,2798,2.5557055521794245,9.874418095167192,1
125668,92.23787951638899,1783,2.5526382169317072,19.861051927561775,1
16102,89.83577103927247,2479,2.8640378551890118,19.727359190797365,0
191408,101.88393273448084,1672,3.96073748188437,17.525817246896477,1
128015,115.26932425873622,2850,2.135005093367644,15.913075544983972,1
36641,84.6913122707968,2586,3.0374019887611903,14.933684603013017,0
175656,85.10560557481777,2596,2.3587293640244207,18.393218544534015,1
173817,100.44160877069072,2262,3.9413530908194883,11.473274259433856,1
164165,96.81891489626311,2898,2.2266070094549284,13.612174549818524,1
113746,108.46707325736034,2132,2.8072020047231825,15.432679632398024,0
192957,95.83928185325964,2286,3.475769969669212,12.934285710433894,1
46631,86.40707909212941,2442,3.409108856054891,13.129837449083215,0
82991,95.9065483069231,2511,2.8454572737878645,11.963416010025012,1
14014,101.08703580582907,1897,2.6930483359054365,14.770781800214433,0
21093,98.20482181197364,2643,2.795224757105741,18.206894336181392,0
28070,95.07274031107298,2433,2.5285525263172786,10.418340536075753,1
45777,100.66674689589154,2960,2.4106658774135994,19.213196465041296,1
66958,101.69295590445672,2175,2.96607939511778,16.269051844978755,0
92074,103.82158991037527,2435,2.5370675121352146,17.87927855216036,1
20729,96.48709887589642,1964,2.5749233297945002,14.67428831156014,1
186089,88.32881919683146,1785,3.313512126949114,17.354200417088762,1
168823,91.46713686433323,1764,3.9370746633997844,8.194404768073607,1
115864,102.06508966508358,1819,3.20727440111875,17.82056509735442,0
140858,81.83064329012764,2172,2.153958934129933,8.481666309024398,1
115510,93.68673308872901,2899,2.151167227708134,18.67896051635435,1
64748,86.0666118767264,2319,3.902846441691132,19.90355296686372,0
15801,90.28744822934817,1588,2.5945815806146673,11.528809546121334,1
160262,102.78451862607298,2726,2.184133972164951,10.523822675429525,1
190761,91.91099068019903,2320,3.198089174300763,17.184360366296488,1
192065,90.46436548156149,2500,3.2472975565805324,11.03631609104304,1
39592,76.40143859020081,1833,3.297009640237376,18.38674859806644,0
20647,97.46253566027221,1721,2.5348040557150826,9.23411110588972,1
149788,96.45484181141076,1540,2.03022136842895,9.511462356552299,1
120627,111.6325472330546,1567,3.9300307389089437,19.749818661207385,1
80316,86.92221765046999,2487,2.501786091382205,16.086066779240056,1
12368,92.1915032766394,2013,3.3520525761050948,18.162646693147433,0
87575,92.49383683710755,2650,3.413259739757419,11.891952528218216,1
16655,105.77453279763475,2778,3.220014834158971,16.11780499424725,0
80031,89.04704467613048,2194,2.6258147884272964,15.130901927703167,0
97922,92.7902152577034,2539,2.5421925075281315,15.237801441475364,1
196838,96.0789650971654,1976,3.1953365654054062,16.190389514452658,1
134046,91.86609123156359,2585,3.7321912672233832,14.904310077549184,1
154475,85.53566385449471,2380,3.893467457846791,13.148748431631992,1
42097,91.94089992898307,1931,2.2118116088075155,11.311072332566562,1
152038,100.73631749859771,1767,2.3096572251954397,17.222975970958423,1
134862,79.73484700588939,2558,3.8894725175661593,10.715269160038234,1
128834,91.32969674146877,2278,3.473070456669585,16.308251673852972,1
103848,82.99879185060827,1993,3.765987649659546,10.79999387179192,1
62921,101.95046628924842,2992,2.4052652682706865,15.503962039453446,1
190798,74.76813095216225,2160,3.1751717422188035,16.964939205548347,1
136141,84.41078152728412,2848,3.4022791888349473,10.62456666687847,1
191372,93.7721187506452,2827,3.3602237708939455,8.719319610335699,1
32677,105.65524029234341,2799,2.8163033817333964,9.571684915930089,1
65609,89.34249738927012,2512,2.030789783382617,15.271963607252307,1
197733,84.44800473306802,2724,3.1658521136085263,18.193356874708826,1
41024,108.8115706944059,2968,2.5062030783592175,8.539961854825092,1
80313,75.51986099583756,2847,2.9005084922857804,16.809815108499755,0
137813,68.01194043379918,2558,3.9151620301676346,12.095823751400626,1
194078,94.40014450053333,2476,2.798070635284869,13.74234043903427,1
105285,84.97945775647389,1981,3.6796032133288534,19.146314598146787,0
156410,79.78767182869287,2227,2.3770812114985023,11.983658056830146,1
123632,97.08356447299353,1979,3.3449209960500577,13.584043207273833,1
160580,92.43800713771199,2588,3.954013908877887,8.164188977128173,1
13051,84.35921369263272,2531,2.2037862017458734,8.97918464005806,1
189819,77.19695601329106,2824,2.016639884454384,11.10309909361741,1
124692,98.72457328280144,1842,2.8671655852652287,8.334226889852893,1
97235,96.50201177958661,2954,2.1852509661027346,15.576503912579012,1
195093,89.00824136220618,2947,3.4967686993524625,13.11678028161947,1
199407,108.46636996047665,1831,3.829097327697118,14.577742432736265,1
197251,79.29915233673847,1937,2.8680419454175174,10.095766230755954,1
173165,74.74474829075261,1673,2.517423284310882,11.551184353239393,1
180806,83.08091930118755,2058,2.8688066380132193,15.965893698232701,1
83523,89.54413983644503,2026,3.446895635700002,19.583632683564797,0
104476,92.43339449322691,2158,2.018108323160742,8.60500128322651,1
27019,87.5876394214367,1525,3.178907978969394,18.684611850263195,0
93613,93.52055396514297,2319,3.226583369774758,14.922574415734502,0
96672,77.48460575809555,2104,3.275376493791871,14.767034801067485,0
83847,104.4376460407326,1905,2.4840441599617544,14.003342422493123,1
92750,89.17848821607431,1731,3.4281054467562537,8.832729030850201,1
38251,101.17295831588127,2032,2.182782972663553,9.078522220833928,1
113481,93.42725346377703,2004,2.398540672933602,15.210944067909033,1
122566,94.56753219153784,1678,3.7549400933089636,12.0915028572267,1
35945,95.69767280232205,1631,3.4774463014531327,19.00721679893217,0
100852,94.47708560017315,2978,2.0274911080226907,12.879086448313668,1
42217,96.42722759867544,1847,2.4967525207396006,9.719377504431693,1
18308,103.29152530132431,2039,2.428812965986329,16.576626002024433,1
15949,91.9652116970147,2271,2.541612656073945,11.520241057292118,1
193062,97.09003757588512,2929,2.495119540559773,14.305643688270719,1
142222,89.10264305712774,1575,2.1250525914856917,16.37399342606204,1
110235,104.40117215449473,2078,2.9178810331936407,18.803169334424844,0
84740,83.2360769794073,2353,3.4654669495723303,17.506294337620112,0
126352,108.00940432910815,1693,3.213463449434873,16.11633281447269,1
76617,89.59842049355656,2685,3.3457433371961596,16.155598188741724,0
26896,75.69224897881952,1846,2.162298357072478,19.35109572838504,1
140798,91.2810441491079,2450,3.9029814203535746,11.549889169958433,1
187247,83.1894834252512,2884,3.6769836676860495,8.01334513035425,1
148877,98.40643548988724,2610,3.610180636991325,11.263454712778383,1
15237,83.4737602069761,2785,3.645967610083535,10.614696555520927,1
30056,85.5381656678522,1713,3.8654210162655227,15.942015021367979,0
186615,71.10459269054469,2072,3.0885079322273956,15.604539197186348,1
197628,85.47693680750923,2279,2.400564035735252,15.121536592456685,1
124548,65.76120673371044,1761,3.233567215705082,8.194921318513444,1
121488,74.16097176514276,2229,3.485762987335878,16.74533665340777,1
144415,97.60414656144297,1782,3.4758347867080506,11.882364949825899,1
154572,97.85800158650832,2990,3.04289804833376,15.980671868079574,1
194294,94.25457561784965,2903,2.1369174386671563,14.67894114202584,1
39375,80.33023856870787,1861,2.742225876860256,12.112771105134886,0
150734,89.5228864385802,2972,3.841533216926715,9.614915205249293,1
26964,89.96397460909432,1940,3.168897819514852,9.13302677192577,1
123429,78.41635310807457,1592,3.076663886511427,17.978219997346685,1
77215,105.0339830176715,2252,2.537707028764387,19.020770504978696,1
79042,98.77362290575671,2366,2.7368978398331576,15.797456561171595,0
154356,87.79035826170336,2947,3.7906921783063385,9.2412093783258,1
103468,90.26885838994531,1641,3.332926095053671,12.82432660265889,0
19435,92.08382807947552,2814,3.5747740535046657,16.747270401261886,0
195412,69.58265131575709,2955,2.9086908461353103,17.357850608120817,1
185150,87.52822617479403,2248,3.260494438912316,9.418623467493063,1
88832,83.18015752002202,2152,2.496767217486415,8.000368626144589,1
61293,79.98379990105084,2200,3.4109216605669728,16.54564455056726,0
88781,87.18899707114045,2497,2.8552026674066746,12.279154111834467,0
170196,107.97686526849523,1548,2.885091029629491,11.053775979419123,1
53919,96.4084286126701,2825,3.298644649153763,8.154769637474306,1
176319,84.28821010217203,2380,3.872561242937853,14.483592881137996,1
131172,95.72582781356158,2713,2.128012693217242,18.21380882511178,1
104758,103.99355436586002,2659,3.649486474694015,19.491579755271054,0
66573,99.24633682912769,2054,2.5847662208243865,14.788939407359472,1
69101,90.59630369920174,1903,2.8878389090127556,14.17353593287873,0
36646,83.53063222294426,2391,2.043826657550018,9.020676625870893,1
114185,96.9822331361359,2364,2.6020921556686263,14.586473618511198,0
33049,93.9348538542175,2101,3.005262485260261,12.559748947584735,0
108116,98.95193220027733,1840,2.112352154694878,15.285623370602924,1
107379,96.35171801681969,2203,2.98219145876633,12.66471617451856,0
78385,100.49552715319335,1817,3.854221257716855,10.883589481404401,1
136131,84.64764788439432,2117,2.2107864362156104,9.139583302740519,1
181230,103.17394065634326,2886,3.5288814561510087,11.779021335066748,1
33289,91.975996046924,1881,2.8193421067519853,9.159738011453028,1
120226,110.75260872625265,1732,3.310347429048676,10.122763409887806,1
110793,83.10812181910433,2867,2.5204731959704585,19.84803390295455,1
19823,107.3596380316525,2316,2.3189845250827164,13.329242682879423,1
51975,91.97910783462648,2052,2.320925228542453,14.382461198060199,1
19540,83.48581996385552,2355,2.1409838912862895,18.483422344846584,1
26364,85.16114165945679,2318,2.371293409802486,19.946826805888254,1
145683,86.7965269180568,1682,3.3284387699779368,14.992573392136178,1
37663,94.24165946401916,2564,3.7633812236870163,17.74968585253006,0
61991,95.228354880355,1896,3.6282513711823237,11.923292292040102,1
198751,84.26299996061421,2278,3.370268619748968,11.668927489367494,1
114182,89.75645407739017,2406,2.2208637268222056,12.832444651934722,1
172049,111.42270358611864,2856,2.5783748925918997,16.07008715208379,1
104704,107.27543170100711,1626,2.619613750644938,16.186300271061185,0
59115,94.36323669674032,1500,2.4999138927952425,11.78287321579341,1
101007,90.380034781682,2691,3.0300113194194465,9.598519089639545,1
159143,91.20031326718261,1518,3.071107629759345,15.588755077586104,1
21938,96.13517972730416,2855,2.7137719503422204,9.539910346265174,1
176267,79.77207434801595,2083,2.707578317472872,14.941910098751961,1
101680,87.42623462576655,1955,3.6571111958121625,16.321065536675707,0
14000,73.3141592612241,2456,3.5785856966393714,16.40733795673342,0
111042,93.9922312260528,2632,2.6155916633614913,17.04166532791516,0
103610,96.4719593970274,2791,3.8275768877465186,18.474313058787974,0
113691,85.16813537700627,1944,3.905630034005012,13.999507903577461,0
48304,105.73986763290033,2763,2.6534850840600814,16.762990274354856,0
79449,77.7423433699766,2824,2.7088498975861097,15.430072824390042,0
92986,75.3562511979018,2101,3.0112683068439177,10.23967927757219,1
161836,92.24451818559972,1602,3.882241625067347,8.308275738432897,1
118940,100.47098302612154,2487,3.752638866284623,11.414496628123205,1
48494,106.83927691457869,2773,2.2051359251671796,13.316404476051433,1
13373,85.4111573713106,2976,2.7854614865428324,15.405271333143876,0
153233,100.78680833431295,2019,3.1067423794995435,18.199511966038465,1
107532,89.61491530499293,2676,3.00626494510308,10.354948600473987,1
102658,88.2737270005918,2358,2.3877261358737853,9.506597478781725,1
133633,98.83659937486672,1673,3.7176335423363094,19.56175936969193,1
110386,96.52322878413419,2866,3.3538815659936745,9.296534712516886,1
37350,74.2360784301575,2504,3.675816749703607,13.741892841286269,0
103008,104.76540349725896,1930,3.7175285586989446,15.026764745519623,0
104297,103.80091354147451,2226,3.4967117073314795,14.49649305088926,0
35351,83.7443729849047,2349,2.8784212024994345,9.032385884395318,1
98668,93.95803533437409,2847,3.2210935100308493,8.684322968043432,1
124585,94.94030186282738,2489,2.3207308122394865,9.265801129532427,1
156377,92.60673765823907,2138,3.347290834949815,15.02705220647135,1
85353,84.4969484615458,1919,2.3585065114785615,14.532138651611852,1
75953,83.28376632061949,2093,3.3878991810203134,10.804889504440931,1
67458,89.74445929008554,1984,2.459196321507937,15.653289702147099,1
30358,101.72729019259364,1911,2.23510260030044,17.840810024667793,1
13267,95.43600154594432,2435,2.330568980285915,8.498947518159126,1
92745,86.29385667913894,2607,2.0039842704381403,13.977559322576509,1
99588,97.71698710648344,2636,3.4374792357070607,16.271724945232283,0
48513,61.51457379369924,1831,3.464802098116758,11.027743124836245,1
167164,101.48765700372104,2901,3.0298666998265187,11.69325086351779,1
21338,72.60286221221901,2154,2.3227256021107676,15.363654835872605,1
141484,86.37559058596868,1540,2.1671086750213795,18.775223521324843,1
17543,78.80330105373856,2458,2.038257932874574,17.719093043634793,1
115891,77.05318524279095,1604,2.3314963539304414,14.997562629195002,1
174568,101.6082678737852,1701,3.7817110699662937,16.76266061308699,1
70692,85.32298798688109,1949,2.4830736834033633,12.377869642493584,1
54425,93.46503881730716,2789,2.7085426544344315,15.691586337185093,0
48756,89.53079421120816,2409,2.210690968962666,13.594179093530684,1
28888,94.77040827223121,1709,2.4447226094963406,10.27923363749073,1
176807,90.76821891060256,2062,3.0384491415604105,16.420859286527087,1
57295,77.1700777581143,2641,3.215505366191305,14.677575648185865,0
124352,99.9626681944714,2212,2.490704628332422,12.303458983443097,1
93042,85.06243416838687,2900,2.1154643184502344,18.936070280943568,1
95999,74.4341810134025,2270,2.782065738254797,8.2512094139208,1
27955,85.71884839034088,2607,2.468406741852668,11.789277814993952,1
47841,105.00759790634311,1953,2.4391078464596037,8.682576773331759,1
80640,98.50221742113493,2166,3.9197256054269105,17.198327794659527,0
175983,86.5134786559214,2128,3.232600971851448,16.42528944936551,1
148429,86.50742295681572,1886,3.113756886344192,11.976226624835805,1
173551,86.78364948782617,2873,2.831550207046644,16.107954826484878,1
71476,110.76747983560841,1795,2.8578886668602888,12.751246714351398,0
54811,93.81935452231554,1757,3.081810007676162,17.075045497069212,0
177280,94.3004164719107,2604,3.3928596140722145,13.450203952840473,1
161222,100.30283454031843,1767,3.404292192363659,12.947356733979987,1
81180,92.38789159026514,1918,2.343387815410899,19.216758985859613,1
184358,87.40957854179297,1734,3.0002255041532537,11.010549198688402,1
122856,88.03650150915021,2834,2.823916190068204,9.445368079958785,1
78450,89.28398740585936,2485,3.7410539325387684,15.014517359113498,0
162424,89.62777763490159,2880,3.2628378424367526,19.63186174741015,1
196141,97.2762954363698,2736,3.065008132831964,12.534070564726239,1
121888,90.519458858073,2073,2.2307892843578347,8.744441163545378,1
120448,97.3264007721558,1548,3.211275778646823,12.07166320771481,1
24397,89.19283419891417,2650,2.234407811360467,14.071179851834701,1
182627,90.7863519031609,1722,2.674413151131504,9.943076079586564,1
188031,70.01799315467892,2420,2.2856839296286635,15.897226616677905,1
141800,99.16327674702481,2802,3.384147294048738,19.97299266812241,1
191589,93.46488475897992,2931,2.412504227672305,13.420873711777325,1
129180,99.98010109859652,2817,2.783718746376052,12.256742680762551,1
76234,61.03744621806311,1776,3.7913495552375576,12.8084500020136,0
49954,110.88374704780728,2961,2.4086327667979406,9.381754140742414,1
188352,88.60410371844826,2630,3.015610127917558,18.599283217114685,1
89459,101.08182816737516,1919,2.838543322332044,12.977907866256224,0
157851,79.60094072874469,2110,2.0362480820914595,12.647292937098095,1
165538,96.12773905062569,2952,3.5855162271456256,15.916283275165693,1
178011,79.46584436826343,1874,2.1380918126291997,13.304401051173482,1
176342,83.76231039304194,1572,2.948510041953907,15.778801625694152,1
69163,109.14031353866787,2553,3.1213565898779,8.73735548156945,1
61934,88.09317599236654,2711,3.2568529132291744,17.76468012466673,0
173379,92.17432873179723,2887,3.377263258615751,19.28604743455283,1
64098,98.70067730688754,2974,2.50654476704543,15.785184633912632,1
15486,94.95681887972604,1694,2.0199575533168987,19.45479114630573,1
149407,91.50418905143576,2679,3.4468873247098237,9.81718777243956,1
96900,93.64961002466225,2695,3.071313198695157,13.728994273764243,0
136020,114.03415585238275,2346,3.6722354064144973,15.221680807345367,1
112795,89.42381202966415,2564,3.6427767258013883,14.98083976905424,0
152202,92.01099046714967,2586,3.6866523355757663,12.817541349068518,1
97508,100.50654396007612,1522,2.97018931995908,12.057012912395138,0
128324,101.05525932957984,1859,2.667256791673731,9.521888270605025,1
70566,101.8703030556038,2598,3.58311640518274,12.70090940674734,0
37192,96.38730222029184,2059,2.90258822605851,9.951929781265822,1
11062,78.56995087269516,2171,2.366884392806869,16.81238811790662,1
94076,106.33431532301096,2641,3.7099480391229487,10.50597122593508,1
99780,78.53654606981311,2903,3.7651197535446945,8.702783663414406,1
162617,93.02635465239034,2178,2.9326195122803402,14.628393653806812,1
31689,82.45724149980641,2813,2.151399454619575,15.14275679263282,1
21174,89.35861653407008,1939,2.7756521798338625,18.462956735366067,0
98461,93.2876241030348,2432,3.6070753189252067,14.923779349012182,0
136174,93.21357215450273,1506,3.803548057092457,12.145770244681348,1
113033,94.21920754235285,2719,2.406945484995192,17.636142578315848,1
19348,106.13711269058646,1920,2.133947224050543,14.483346718249052,1
164786,94.5353430151398,2332,3.7547009062656773,8.951363415574301,1
48102,87.55843364709351,2716,2.778809877957751,14.79020672375896,0
84460,99.64087168288357,2058,3.0835219285351263,18.89622254505995,0
112634,101.89470488924641,2671,3.9361316241015176,12.755751505978647,0
99930,77.72392184863007,2725,2.1331294558284455,11.5559096227976,1
16801,95.97400069849859,2967,3.296636014904191,9.721633484216241,1
113150,97.01172742310898,2413,2.148210845149734,9.817346263224287,1
189208,87.02436496640009,2942,2.7509378569330005,13.193257812101827,1
164697,103.75706813311619,2950,3.6076290903868937,15.148157889938354,1
185333,88.49944412967473,2506,2.866944465511269,8.967384862035221,1
11542,91.25576453471542,2998,3.994364707805901,19.274823068301988,0
31677,88.26928175716131,1625,3.1181185698932046,17.06160340934235,0
187804,90.15579047581467,1894,2.6423243052719068,15.039487019403952,1
191415,79.03724913104799,2316,2.4402226518095063,17.94126405126789,1
49081,75.59949117405705,2380,2.701041068572324,8.96224108174536,1
103105,105.94505063224972,2075,2.7450665475191016,13.722066532797493,0
29065,81.53038651681672,1824,2.137427355447922,15.561117522339961,1
98092,80.08607650543692,2915,2.7391483988535463,17.94383487341947,0
64693,68.46609886396286,2429,2.92847703947845,17.40163472059121,0
36962,83.61038252310497,2963,3.445475504477609,11.324830996560795,1
38295,76.76910206592501,2727,3.313458969443216,19.29056203471045,0
23807,106.4201516013637,2332,3.4175313104583083,9.492150097170445,1
183420,100.09817089342634,2554,2.016727363753714,18.501603423453826,1
167504,83.11849654822277,2911,2.435334799161072,19.65128299525542,1
198926,112.52435805344308,2957,3.323368576799713,10.125842278671506,1
181334,99.81765486991594,2336,2.9679787363594943,16.664792770445423,1
178152,86.75168616491378,2425,2.010626951336692,8.483426225335982,1
142396,65.00594285126427,2899,3.608989284863645,12.86507390166986,1
101267,112.90942572590743,2867,3.545619146580675,14.195399590372087,0
176981,76.10427533236404,1942,3.0968383259871253,14.967742710915608,1
29870,73.54601253043108,1574,2.1329266515525442,19.231246978982714,1
175650,100.2257043200964,2056,3.5330300990651695,16.067008247530335,1
36790,114.39752406339272,2678,3.167427175462728,13.775335414630844,0
128874,103.84272818510519,2953,3.563919954315918,17.716100435190672,1
35289,95.6390912005236,1862,3.503493984791681,19.406393851452908,0
196201,95.94754341665286,1947,3.6060041439156745,8.26479378418749,1
25485,98.53415558780307,2757,3.03601613280925,19.790255267072464,0
54482,97.58928589786765,1761,2.2806490363870298,9.033585668764164,1
96188,92.81191423969376,1624,3.3423149467593776,17.772641351225136,0
14748,91.04201103951875,2410,3.240947570103941,11.36401703061695,1
150507,89.37406872100478,1744,3.4845063743981743,9.586155893046461,1
13709,82.46035411133323,2041,2.3397620121014704,13.278267676566019,1
133961,87.19324923133226,1984,2.389950399800578,15.727478953371362,1
40355,73.07043185804615,1621,3.780819034438657,12.571422140281701,0
196843,89.0166037320525,1624,3.4999555969041416,8.654784899392387,1
198871,80.11408892849083,1669,3.816456977400646,15.1935336759046,1
154188,78.96410682784229,1623,3.5174306423278416,18.828839313328096,1
166542,91.79894151153478,2558,3.1943106119806037,12.59858439136702,1
183416,103.920022863446,2610,3.308265474055747,10.595993331569925,1
52918,99.18316606002313,2145,3.77825584788002,13.310928151193785,0
62224,74.29499396376823,2285,3.1576135090238813,8.580352532585371,1
49298,80.10371863429663,1700,3.264782648656775,17.845851013763298,0
90219,99.40771187988216,1868,2.312953432007201,17.91608973140224,1
71629,80.1751260646169,2296,2.9478424402322054,15.05600556115554,0
76040,87.75366850002976,1576,3.432794223916198,12.237234667260674,0
38016,95.50052099024552,1558,2.541885396632731,17.5974003733494,1
33960,80.31655545136366,1930,2.4045083610490696,14.656244297460406,1
43591,91.0537550614596,2137,2.627653616448831,17.911187702600195,0
113333,76.65974505081796,1608,2.483001255985667,15.577505510996247,1
124821,83.98632356048786,2507,2.4298252740727917,17.412865678553565,1
46395,93.19781934142537,2801,2.849701685736174,15.18275591861312,0
139695,74.0700626646833,1567,3.815677027767068,12.969692818587994,1
163772,94.40474737960399,2592,3.0141192934774366,19.49535031911365,1
44620,89.80362201073319,2688,2.375840761630646,14.493365898546138,1
138148,95.52489954417148,1804,2.1539433387617484,15.26107422248646,1
30559,92.23914134064661,2173,3.3923122902758505,10.645851672976992,1
103396,103.64140429973844,1864,2.7655975288727754,15.507809473127317,0
31732,91.25224502647907,2320,3.6436618931707185,14.859291793795325,0
101362,85.70594458874747,2902,3.3190215372815404,10.2180607753643,1
171426,91.22297503032284,1842,3.592482901082737,8.715045168237724,1
23843,95.43298029036387,2446,2.5438920788368975,15.252311836577253,1
124065,90.48860070325705,2398,3.3847178449221165,17.164307232203846,1
81726,90.40591691203882,2877,2.5281239693874378,14.280816451064098,1
27640,82.98008312193245,2939,3.8781369589005834,10.721271503835748,1
62528,83.37099082449052,2632,3.2727485630667488,15.99826372031642,0
48413,75.97394728200307,2261,2.6490236003506844,8.961268719315227,1
62638,107.4957674318694,1840,2.5390237245845455,13.302004457623456,1
193808,77.56136764608715,2441,2.381853170143287,9.960401100781041,1
120133,83.07094802204092,1882,3.3892819177874554,10.2135086127186,1
116357,82.81592734430802,2503,2.4374312259958546,10.427527389898444,1
160159,98.94924376944441,1799,3.190606531854978,12.640484684527735,1
182502,87.05050321707972,1638,2.5292700538507145,8.61380246744477,1
165576,102.47742072673734,1858,3.323937889587737,12.773521291149178,1
148186,83.26509375756132,2335,3.6298794570810786,14.14048936537641,1
88859,92.78994162223802,2908,3.5560504862893065,13.799531419595903,0
109657,81.64652946740243,2803,3.521702661861563,12.593409204836487,0
152047,111.45149127773388,1982,2.3754448113845044,18.06975929684903,1
21023,78.12401580970487,2408,2.1767698939690376,9.74392030904605,1
31447,93.09820710227028,2634,3.397897656974771,14.068360925376489,0
135899,96.33776880932099,2365,2.7366944275887026,8.744497003478651,1
33959,94.13799097451498,1638,2.8646924528066946,8.853868146534918,1
76203,88.14712341122292,2495,2.062298185586782,14.886390196125156,1
129156,88.70179300266574,1934,2.5191528985500984,14.792221098653851,1
170775,90.4381147197911,2008,2.067352807748928,18.536402154133484,1
19337,88.52997998371511,1772,3.758371545202495,14.694484107920879,0
56427,99.6387911679491,2622,2.4867933664370607,19.517492244858204,1
71529,112.10523001591352,1603,3.114674339146016,8.584338180799158,1
112023,84.42508214992166,2737,2.077958641322261,9.176092217368893,1
94665,76.30197020420923,2261,3.333694782611316,8.528790338844576,1
115787,89.11717951648745,2286,2.646054691508188,10.22332220400248,1
172993,115.79709337654319,1664,3.7958383739153314,14.495241331300138,1
43307,81.9632543203027,2498,3.776236377868072,15.746866177129135,0
168427,106.39116805444067,2019,2.6505812367234958,8.547021895384026,1
137016,106.77700814076441,2807,3.801921791380936,19.35165067814719,1
14835,84.46411758292005,2016,3.9923153469975574,18.105984519804572,0
30159,95.68983079185276,2156,3.650831328247896,11.559349785885118,1
188677,106.28396623128538,2112,3.689742695510458,8.926250362717616,1
131790,86.20872259012513,1663,2.49801747221818,10.038644878628688,1
115616,87.96419639897638,1563,3.1534047977155124,9.523332965059673,1
179160,84.18319086051356,2614,2.1345118279347357,9.479405351587362,1
88752,79.85243269307134,2640,2.1898358736433394,14.222740263988808,1
65284,83.50722454933992,1766,3.997785224066581,10.950169309920803,1
67043,77.76059733237743,2663,2.653278498851822,12.297676598349733,0
176619,90.34083468259226,1745,3.4963678240976925,19.87406400061187,1
107007,82.30026768941359,1894,3.613330106053633,16.21177098710414,0
92844,92.33785911790747,1975,3.7160465420144586,19.387768004564016,0
37532,74.44104353796372,2476,3.995256594804313,9.710678660397388,1
175421,93.30880232214457,2707,2.4829929705137355,12.585673697990831,1
132402,98.33528961608924,2543,2.0807016537193994,14.656781639388251,1
128012,70.06264357428545,2057,2.822383035989172,8.921096742664856,1
186517,93.74056569847572,2517,2.260161339657894,8.050249323535494,1
146785,102.27668992473292,2382,2.0448517783241105,16.04521200556301,1
66178,77.90358981308795,1646,2.720853654282972,15.701834201617224,0
59407,106.72572386837703,2165,3.567476502150473,12.929465719995342,0
60990,94.19019009366045,2827,3.1323613824501417,13.875728912384393,0
139473,82.94988144241591,2119,2.6255559784207083,12.985316007105075,1
68141,89.44230922342294,2319,3.3086840109854396,8.288060538138666,1
164865,95.58326912521723,2363,2.464036360617621,12.02445927460955,1
66570,90.76005391412411,2081,2.02876289214417,10.124987064767478,1
178964,95.38755992446369,2522,3.5287067728728547,9.181090269216424,1
11015,80.79326406920634,2194,3.247486169728018,19.480645206672197,0
71813,91.69360824036077,2751,3.5246052490019197,15.192316700505987,0
37712,75.8628550309502,2625,2.077876033375331,16.74387541083923,1
110497,88.88773938651299,2940,3.6742392556613046,11.78436491919341,1
149487,80.9609235853521,2739,3.2390524000726066,12.717765553928182,1
122816,82.64470057410233,1906,3.1267907014252803,10.843087926760681,1
138778,102.36093175210438,1898,3.2492280962290634,9.163588051585098,1
72292,100.9131012059427,2214,3.728866493736728,10.148379649299006,1
33833,96.09138120907177,2203,3.173873013117814,17.57016854355783,0
145230,79.07687235327421,2260,3.1619007597763584,16.13054966220531,1
30309,86.83591550305198,1998,3.9813583141315316,14.563146511825723,0
16970,102.13097699979184,2988,3.513460334137136,13.701078474401218,0
82474,91.41716913639905,2473,2.884587610902271,19.069211403873496,0
56540,113.19329539981695,1581,3.4147940000658554,8.87281937334402,1
161456,93.93317839394372,2103,2.778460943383577,11.367209758854992,1
28017,91.92049116490031,2271,2.457750924966998,12.199254242848568,1
85880,86.908835357975,2402,3.1937037537755186,17.389109746553455,0
115570,91.33540904782282,1864,3.856364196227903,19.910175441943657,0
18702,88.47530163619456,1662,3.8582790400309257,10.888046177085837,1
141456,97.0810867668859,2571,2.6838105562109806,18.491688009644967,1
10404,99.56702316794585,2010,3.05535493244339,17.967473125181495,0
182015,82.14010539492051,2852,2.4232717971397224,10.695888771701199,1
188998,76.68767046442221,1615,3.991262218997767,12.79199096239067,1
170261,71.63794626896703,2440,3.9622358157358715,12.916074431510228,1
22763,95.07991326912544,1836,3.299017859414895,19.7386480223187,0
159456,78.96633393826127,2380,3.6088281193549467,10.170702816546779,1
108142,68.47109407047517,2236,3.4302003225674,17.589895653257386,0
150932,93.88578604530964,2339,3.1863164380789364,12.01031257007732,1
90642,114.9299951743279,1646,2.1066959939777954,16.770444149313924,1
60612,89.93929088460106,2846,2.909528685105322,13.040132051547953,0
33574,98.38490774451643,1942,3.349572604334821,14.94031715739848,0
33524,90.81829358547564,2336,3.3550632277673693,17.991341279913573,0
20916,89.01110346808858,2536,2.746245236844767,17.64998677980661,0
14809,99.19076482987768,2442,3.883383973316061,18.3970782024764,0
173273,87.09725455811349,1786,2.334714064473562,8.715407904135908,1
194402,92.67392314071903,2219,3.000718892431121,16.30460663647694,1
154528,93.21697806196013,2637,3.3817679531016456,9.679848520661155,1
197469,83.31909546356951,1979,3.3942716117836182,12.989822816220933,1
131288,99.92042349536523,1521,3.297277913537631,14.583060980656262,1
48765,88.25040243304592,2872,2.5505764269037203,12.83287381696197,1
175888,82.44254840507155,2182,2.3124131373732437,14.23534010963609,1
55106,95.36509843570404,2405,3.2718806536534215,19.95831570558343,0
63932,81.01532018208962,1819,3.1986042322788757,9.622607764554257,1
158172,90.28181157369129,1625,2.3587120205784817,16.105472544037106,1
67091,89.90881003355797,1776,3.4102782911411267,12.752011596627383,0
31949,100.85895565831578,2727,2.910343983467313,9.596117586887946,1
47744,94.74698232879953,1693,3.335521183206306,9.904841160491713,1
186615,89.74973041254856,2195,3.6747341595403014,19.391277274947402,1
118319,98.17766299200287,2809,2.3394568571538463,18.555217960541142,1
102193,103.90207549017313,1556,2.0382897359936734,18.88450352498026,1
46187,95.57810306351863,2826,3.5582051727915736,19.898393309928636,0
148311,90.10352619843381,2686,3.219394850305232,10.499784680102216,1
134454,76.8816376764984,1518,3.3992791392442436,12.265272048368741,1
24489,79.34886336924627,2893,3.676309949977285,16.0306283590984,0
199089,86.94775295645333,1763,3.605621869649001,13.805630478327767,1
71877,83.90487797840717,2293,3.9218402938576493,13.020674400540003,0
184197,88.13028697014553,1612,3.0718701577042364,12.293734992027117,1
59922,90.56649924897107,2850,2.9769912653198105,15.125367583321427,0
104074,95.2969275435673,2041,2.80377439978146,14.907121143680984,0
173121,89.29501221940909,2146,2.307382085688409,9.93749400877088,1
47131,94.86501643826202,2078,3.145214465764045,13.66087805022127,0
184016,90.6447441481012,2588,2.5540250486519573,14.641661314518199,1
125765,70.24533433646128,2815,3.842615024425951,14.843443264776685,1
83963,80.60664606181246,1524,3.166381608554195,10.521286314948222,1
116884,88.55912444278384,1500,3.18568036101622,16.907256707027443,0
135917,77.90305257158893,2410,2.70984932175402,8.302389137852835,1
34285,95.99928729996205,1640,2.103978703955415,12.257982266517953,1
47626,105.30750832343698,2147,2.0634875307459772,17.3625517824276,1
183880,102.18761851697317,1687,2.8466702883063952,14.766715052664829,1
194943,87.86557129069791,2651,2.169130756194476,11.133949190130323,1
29198,104.90726136849952,1700,3.213693911080278,16.339437432116572,0
160830,91.48667457202112,2650,3.761946011279315,14.80869132987288,1
25254,86.62914028881961,1756,3.7658296330374443,17.554923313476646,0
54238,83.8659733645906,2046,3.318090820264465,16.820302234277882,0
11252,86.97530313511872,1693,2.4224636629458622,15.321295064434816,1
49764,86.11823181458772,2202,3.725993662717744,13.85813210372977,0
87709,91.70416222375488,2627,3.7721868706264163,9.598185508010282,1
178513,91.60573981049865,2788,2.3933071699059174,11.135996214624605,1
63682,90.03046020153414,2301,3.4748521715413547,13.029193675005024,0
69494,94.3693816974635,2441,2.573039097854246,15.191591444076664,1
91317,101.90646274786342,2907,3.605280624705859,14.164494262583657,0
75215,99.49554135441323,2783,3.9944757998072054,11.458214311514354,1
88587,75.15102031550097,1913,2.0600520106587856,8.077572293476527,1
16949,64.46078865098045,2881,3.794731731581864,13.954870662809768,0
65393,99.34319911239274,2598,3.2452610671973163,11.427511862746917,1
148013,76.33121301584579,2878,3.9467652383296423,16.81529960852642,1
35934,87.75234598107316,2409,2.9300190350528554,8.287355183245802,1
164458,78.2988697394064,1687,3.6947758611427473,15.01793373566949,1
85745,71.98019562419981,2813,2.1247881371965542,19.297690850072783,1
104456,95.41462728204787,1544,2.6705581001565912,10.092911205337995,1
63413,97.59155160302647,1582,2.13403307550242,13.659793889007144,1
197872,84.2348959927328,2646,3.950686266958141,9.097063901805658,1
107239,64.0895770785509,1857,3.6339478145436734,15.50818294713623,0
52318,84.53755551747517,2589,3.705094842491941,14.606380167154708,0
80390,93.91804005402547,2435,3.8759304628677884,12.888386290553989,0
193401,75.21088431225871,1874,2.170206972239571,14.256524257684895,1
53088,91.83359919779156,1661,2.7711951850266665,18.758895901628122,0
113196,89.84690150827005,2903,2.142069778088004,10.355531627732805,1
180883,95.79291499601088,2881,2.4215862031000572,8.270774140464166,1
65479,91.19580368414154,2711,2.458731554075345,18.33997861638921,1
29963,80.26931059118445,1821,2.9382144220951574,14.925404988654877,0
65123,101.96571501664491,1949,2.5371243349072854,18.687901465542108,1
135911,88.4147042697303,2997,2.201956213635522,15.16334268095807,1
112468,89.72695460490068,2536,2.3349821781882154,17.72193307951643,1
83477,80.66732040926804,1683,2.2945511271041816,13.156080360261775,1
24388,85.5671774880849,1610,3.9461535958245966,16.998319175459226,0
15569,81.15197285973099,2007,3.5185850138369474,18.956497602678272,0
79836,88.27053940076577,2813,3.9355229305391237,14.865475564666475,0
114573,107.11708480142343,1794,2.8794809730158173,10.169421806748554,1
177658,76.28098857068643,2974,2.556736963325313,11.225571380362378,1
153087,73.86438602123259,2403,3.5965863944183734,10.38373492276887,1
55002,104.71170327493608,2738,2.6525078360822936,10.962284331148794,1
147326,87.90676322848134,2473,2.5987667474106964,11.676985392212437,1
158216,83.30927261340084,2131,2.4650119844156624,14.661605441038262,1
165286,100.39904687396077,2550,2.2593579564484707,15.055899553565993,1
147162,83.94384460263136,2232,2.512926122033532,13.117996966902334,1
152709,108.26009713546937,2754,2.7106394969477754,15.385049357850026,1
163487,96.7792587133927,1820,3.347988416291461,8.97889910733639,1
34071,85.12088591854297,2412,2.125129684438903,9.05345884469792,1
68243,111.57308213265503,2756,2.421013879330686,10.061953524291901,1
135827,83.94285076996661,1936,3.618047280583353,14.216929976484137,1
118215,97.42095372009307,2280,2.2938438471675413,10.567936144379763,1
182312,92.99292580406492,2926,2.685290293045043,11.399412841910928,1
111570,103.01741289398798,2576,3.72931784371628,12.80375403407593,0
174506,105.61511196726853,2836,2.309850622286885,17.742393488124556,1
79724,90.32004149065767,2804,2.16547367123638,8.166345630954321,1
125359,82.46582129653817,2225,2.9690759901600217,15.79254584283947,1
85697,94.59972142939117,1530,2.604839022557073,16.026518372488226,0
38732,83.22284630247894,1836,3.1268167289677082,17.58386936427964,0
131465,110.13387247526623,1682,3.6076097809669503,19.193035268723758,1
152386,91.36535331082737,2546,2.2742969763054863,8.241654187391479,1
165026,86.34678448687892,2043,3.16139816910857,9.845404466158595,1
67108,91.84680305864909,2969,3.0110175207797276,18.634055528671915,0
121195,76.52873710470304,2597,2.288157572026399,13.502222746244184,1
113081,80.28385961489349,2533,3.247996971057965,14.775087667201563,0
46668,102.00413907944426,2979,2.5472808357215433,15.956326444677769,1
33061,83.43105721028604,2159,2.9756686370880248,16.14879925394765,0
89252,79.53089017318061,1659,2.1645446485541235,19.180884839798097,1
49749,95.36652752527286,2537,2.9191681144272463,19.963393008940038,0
140560,101.85704154662997,2701,2.612926936085641,16.641889531171284,1
114680,97.18953310665067,1911,3.6447624223707087,11.44665451046181,1
157979,99.96047685805816,2511,2.1139574539947366,18.557028827532122,1
159849,82.43204911430539,1552,2.83721454983666,8.59065097448914,1
61745,75.78189333258156,1907,2.916862848262876,10.772970234493954,1
118464,105.01333651955487,2346,3.4500121525982372,18.76862860956458,0
101865,86.77320161157864,2545,3.148575150180422,11.07429817327226,1
122428,87.49166983544953,2553,3.3344246743883623,10.647812715460981,1
33624,103.28194141849058,2202,3.5540985713035123,9.657503517682967,1
33321,95.5623000940066,1759,3.7244059473163773,18.309341091763,0
151560,94.55887772081607,2728,2.6277509934449412,14.000699110293041,1
32574,111.65002344901083,2582,3.076045410727806,16.098718436649857,0
146312,83.56481769619857,2994,3.6802161568783998,10.868796608900356,1
184293,99.27840128081237,2275,3.978902261930113,17.096485052134597,1
151550,90.57013124897084,2989,3.7790386220875263,17.12006653954518,1
196717,92.68592278863257,2535,2.742934525248754,11.751176298899601,1
160334,105.28468426412532,2813,2.390333034437301,12.928191596123394,1
128831,95.07835756289624,2349,2.9787850748131772,10.51628332916241,1
193868,95.38296079049633,1853,3.4832829036720847,19.71873227987485,1
145504,100.72507337309803,2598,2.985138141506595,15.74723092470094,1
105257,86.35047270457115,2372,2.966361726627337,19.214526568586187,0
74291,81.60790332660994,2964,3.676460842163601,11.640626523549598,1
137600,79.55190805978967,2490,2.722807558134373,17.382690955962676,1
60428,70.33643410623998,2764,3.7195893496232912,17.190303726616904,0
141374,110.56207129940321,2517,2.813609601903447,16.299867822398497,1
141127,78.96791634278317,2677,2.656466211356679,19.587667703201603,1
121317,87.78746376414227,2619,2.907979822399398,12.722664033275787,1
149789,87.2318670011108,1793,3.524893917349737,9.568607883077087,1
137449,93.07406697809101,1708,2.252004055727989,16.06050631092873,1
38699,98.15737212539297,2866,2.3928384317440345,16.751717605726476,1
83686,98.60473488359746,2611,3.902889651326184,14.900726881505776,0
77661,84.16922561431062,2317,2.3509832547627147,10.481814717600756,1
54247,88.32878286213588,1889,3.135454635862109,14.053471300032264,0
157820,92.825799504883,1824,3.1586289333238757,11.746276838829553,1
115113,87.51308873816453,2439,2.9792489241004896,13.12959833800027,0
14621,106.07345576019992,2388,3.289490497153637,15.742622910135967,0
156106,94.90974951638252,2680,2.459653451595237,16.942576912290015,1
146198,97.34877786049817,2167,3.105324535553496,10.786696290816117,1
146194,96.62881268667412,2132,2.744346510493794,12.86390432776344,1
28030,101.73473857485325,2076,3.323334519258378,11.22993885189955,1
92838,91.81021558703706,1636,2.282447086746299,10.38357936634243,1
94717,77.03168052044154,1927,3.1417548336789523,17.40064663995006,0
196730,93.99687951752642,2975,2.3705407107666474,18.91103233324391,1
48638,83.4864310620817,2111,2.557286126230073,12.44278622821492,1
77067,84.71383318250243,2410,2.4374196006471665,17.0153470924852,1
128033,95.86364018755093,2318,2.3656755597376344,18.763943472372933,1
115977,102.38283071433636,1640,3.651421903121334,18.15349052636278,0
98869,90.21271576736062,2606,2.5714151353217805,10.19376066247071,1
115186,93.08833012598964,1676,3.8542475637288987,19.475502578160338,0
44674,107.02214944635239,1697,3.939853050690382,12.52011728515355,0
176926,92.40753179488568,2123,3.1425209398741947,12.070887934086036,1
56271,116.01683114180395,2190,2.286002245331453,8.749175927333365,1
83688,95.65509645631545,2944,2.7490964867591625,13.834083849258596,0
179590,72.39237240844182,1900,3.595464526696428,9.308163387691145,1
121076,97.53341621104532,1970,2.734781457394141,10.982477851129111,1
151339,93.81158384882778,1717,2.1740344366055773,11.803311461207377,1
11062,102.89752754082745,2428,3.113569821856376,17.70591588190021,0
60448,96.73181351269959,2131,3.6902417029920693,18.50586380475076,0
105462,88.61544016016227,2450,3.5918527742870046,11.629595809537637,1
147301,77.75701763710634,2405,2.3502462802607065,18.304377454934887,1
197865,87.90976742713974,1674,3.345529228824933,18.286771248437493,1
57915,81.494795457907,1522,2.441008526871294,17.175811404618482,1
14632,84.19476550195277,1734,2.4364150691043447,9.760341368182178,1
114592,95.88578404420609,2536,3.74814354661037,16.283874162808747,0
144668,106.69904504351406,2624,2.49933790548046,19.340288774966826,1
119779,93.9467152982298,2428,2.5264946930360224,16.190485745205883,1
147240,78.04116937964815,2022,2.001306781522599,11.979402189294007,1
118099,94.4460266822014,2975,3.7413380682510353,14.006951809169976,0
17561,101.96631486645651,1930,3.5851896264182694,15.748700520212644,0
92152,83.90217095680617,2292,3.254657870181356,14.126844904742043,0
135036,88.65982833327082,2032,3.5005315278776843,9.439435300771638,1
134049,90.14688194729197,2478,2.3040971348489836,11.744768535824248,1
36734,82.1510168691776,2816,2.916647189175151,17.62875236664359,0
147443,96.4828043384386,2309,2.702438774697562,18.33701655314621,1
36069,88.79051851392218,2412,2.187553052514033,9.647600392586842,1
22910,94.19532443907028,2624,2.972260970429848,19.428641028784696,0
83479,81.125078221979,2827,3.841479300685271,11.945871414183312,1
91264,85.62541699676589,2370,2.080118238101389,15.94776486476864,1
33275,97.22381357827771,2039,2.5829218269875875,17.021901751480172,1
82274,86.27166847908234,2523,2.415081872411407,17.7433548156546,1
110776,107.26963851233405,2878,2.4762933073313924,19.34899642671116,1
195625,86.00363814385398,2826,3.8168691037587505,11.75503457634587,1
58447,92.24684725751887,1726,2.9361381084685805,18.302077454618654,0
175601,99.3259083187309,2759,2.9325988258796376,9.580242841234485,1
136394,75.81634267066968,2372,3.5211512849105646,16.460490876243114,1
85703,72.39191188019224,2391,2.3089844080098514,16.90373275416783,1
86090,74.74343685429905,2978,2.974530708200102,16.132678894415847,0
27260,102.62584103427182,2536,2.8599704282421197,11.027776833621836,1
122581,84.48141854107553,1709,3.1938213810933123,18.47651776418244,1
13812,115.58199285668252,2240,3.999115406500877,10.02630156044474,1
169096,84.35752401342612,1896,3.5388977881640944,8.64361749824997,1
199728,91.84551303197037,2623,2.7957314060348546,16.609579887342946,1
126148,105.42109952567876,1530,3.6551061045480937,13.705708582792804,1
168357,110.06092888159122,2397,2.3414167266249604,18.189176239504114,1
126421,110.61503576636397,2148,2.06092737261792,12.600765692699108,1
11605,102.08366230593143,1828,2.408896744928546,10.019343062092554,1
82303,100.24062525811462,2689,2.680823112228519,18.03730630963844,0
168211,95.92526949201184,2982,3.02116151491912,14.58691557968086,1
197210,97.78361076166638,2451,3.2302582810823997,10.270349508684259,1
86125,84.48814283671467,2623,3.8212114344288435,16.64460798303735,0
154990,81.81801116577692,2120,3.019708019100915,14.133363661874007,1
168518,89.96625542589048,2696,3.0025512892514588,15.251755786883837,1
134040,88.29815377475072,1661,2.100486019645964,13.530780058478982,1
154118,85.46771950672725,2275,2.0698231053124476,17.944507805816077,1
165890,96.96387447456715,2786,3.102319923832744,17.954752588196598,1
14324,99.5530520857051,1773,2.876357226496689,16.512665861892636,0
86323,90.88406886291847,2526,3.678360789960597,9.264816528757548,1
19111,104.77530081055262,2551,2.3213591694236904,18.066246342848828,1
179182,78.58310885866496,1825,2.049943324234099,16.052155766394918,1
26389,88.06340540720282,2439,2.898077535860252,16.364289992051596,0
132177,82.83177679397195,2672,2.474957113504515,12.35579408484646,1
51427,71.33463382926939,2039,2.099228746677675,18.55135467388408,1
